,feature_1,feature_2,feature_3,feature_4,labels
0,28.998724886645547,-23.574602368166104,-4.606868628716406,2.9962776261381023,PRAD
1,2.066748135865118,7.483622104442063,4.567138469341023,-19.63632775722807,LUAD
2,27.59010644144172,-22.109297211462128,-4.106365530022059,1.218817495474148,PRAD
3,30.02435841297558,-22.23427623543238,-4.407217731597698,1.5551648967249778,PRAD
4,-2.3383504408037252,11.982392521817557,-9.170746317594608,5.501163645457589,BRCA
5,28.590762331525227,-23.663573325631216,-5.264605571729859,0.32136070196856026,PRAD
6,-28.752233142209665,-17.4592191005247,2.768607362781609,1.981178038841488,KIRC
7,29.269955903867274,-23.41283281445634,-2.8281349370948927,0.8144614704444295,PRAD
8,-0.6362666113474085,13.345097173357829,-10.017785407584,4.059347363331165,BRCA
9,29.883998976927906,-23.98277430437307,-3.9517536032011398,1.7231152781780228,PRAD
10,-2.470789075826593,15.00477354721273,-11.352804106494808,5.4294277472728405,BRCA
11,-33.34211821695339,-18.71884162086205,4.390418073445607,1.3879301685042431,KIRC
12,29.235532752451533,-23.881083354017342,-6.151830102931413,1.2729606141391296,PRAD
13,-1.9604564752410973,13.216843477937616,-9.945280042014884,5.599025279481412,BRCA
14,-1.9036302747496203,13.753338756634047,-11.181490078949142,5.942595464236773,BRCA
15,-2.1160883757659663,13.66290630333094,-10.255030897382158,4.412516298671582,BRCA
16,1.1565460184396792,7.374290982747922,5.8384744710566485,-20.974591068603694,LUAD
17,-31.067790793008907,-21.030591627580208,2.836441893220812,1.1206046164839623,KIRC
18,-31.607130589302432,-19.182735756743014,2.6311097634261946,1.526234780680698,KIRC
19,30.01468669037689,-24.416293025637465,-3.317102228367478,1.7413592324475,PRAD
20,-1.699199999982762,13.647551150150136,-9.250806854948127,4.503754428061379,BRCA
21,-29.568026308098478,-18.994181487495684,3.128021206450565,1.1497424373143494,KIRC
22,0.9342514491909079,7.66105084780895,5.177800750554997,-21.274889938601003,LUAD
23,-1.332126346355415,13.580446495973836,-10.317284235602393,4.765496290107852,BRCA
24,-31.73170200551047,-18.58532829305324,2.020933071167289,2.661372976678495,KIRC
25,-0.2759957711768748,7.561430697320773,5.202122554628602,-19.85456332301892,LUAD
26,11.029005314051263,11.630293165837442,32.88783739200353,12.940746343084532,COAD
27,-1.447903384235539,13.386919283431522,-10.595133260161981,4.708871811514533,BRCA
28,-2.1648558638216935,12.426061069670496,-10.185480817917659,4.606724215162605,BRCA
29,-1.6197884764285115,12.842053218519586,-9.158166489062713,5.384393452707063,BRCA
30,-0.857829331121894,12.703592639740574,-11.446734907209557,3.689807677042478,BRCA
31,-1.8951653485028688,14.610455361953218,-10.217808099662228,4.1847423130276,BRCA
32,-30.315434714248056,-17.53410694907683,3.0282853219491717,0.6089961982100687,KIRC
33,-2.1493564772458296,12.800650953449153,-10.256379912915042,3.8408537177200888,BRCA
34,29.68565553660323,-22.256328274834654,-6.516481430149797,0.31930102242950187,PRAD
35,-2.2442377350213567,12.609368903239439,-10.47457538571885,4.480093823009162,BRCA
36,-30.827553112835677,-18.865163310550695,3.0171138382523672,1.5579374747534396,KIRC
37,2.5295101346754683,6.543276826236817,5.351727631624795,-21.24969827171043,LUAD
38,-1.9800914021624278,13.183967724806605,-11.38172007255887,5.468915799280943,BRCA
39,-0.09331161786404207,11.732451578401413,-10.18546945199015,4.705166457523583,BRCA
40,-33.682030773044644,-18.89595047756331,3.3702220940545984,3.6307256057260378,KIRC
41,29.20039686608115,-22.054448723303178,-3.3342528332995203,1.7156345909523587,PRAD
42,28.593560511689876,-21.827444616319635,-3.474047452089052,-0.6034221498147175,PRAD
43,-31.40088882255455,-17.454757065677416,5.231567323632698,1.6938930542344584,KIRC
44,-33.88944562951351,-19.386290729469504,2.9517908011080185,2.2087950531617517,KIRC
45,-1.5725020660632156,14.681549358549155,-10.934949406303438,3.3977521321769224,BRCA
46,28.72335657016562,-23.568770868857616,-4.943393703752093,0.28706435125934693,PRAD
47,11.290897885867892,12.815953924515425,33.1364255206148,12.342259844567526,COAD
48,-2.192594761177806,13.828852612385056,-9.869045142358747,5.127134560145101,BRCA
49,0.8163580835166095,8.158127813141679,5.882213406561629,-20.586996614698986,LUAD
50,-0.9261706226132841,13.002129365187965,-10.982061620635685,4.642508398145287,BRCA
51,2.393139201345366,8.146072930207996,4.996083696257106,-20.749509783067108,LUAD
52,-1.329295155246382,13.354246645980751,-10.432674864368828,5.392649212408561,BRCA
53,29.41150811403364,-24.310689207977614,-6.812808522667412,0.47115693577635254,PRAD
54,10.431315047551635,10.646834302012623,30.56076480976648,12.915576478008102,COAD
55,-1.2626139525758033,14.220214196842491,-9.463259910609796,5.888178763309888,BRCA
56,-1.2783665939957758,13.368477863761028,-9.336998069130113,4.2589697337161105,BRCA
57,10.706847145964675,13.111091219115078,32.423742883474304,9.185283614238246,COAD
58,-30.825045282565693,-19.472051480507112,3.3184420696640204,0.9504504999664607,KIRC
59,-1.8754332227802506,15.439802624994924,-11.283341242508733,4.8628335317051,BRCA
60,1.4612189323632527,8.387939737231086,6.422039950699601,-20.345405269941583,LUAD
61,-28.277509570621532,-16.537653437454914,2.50969621898795,1.6649231090232282,KIRC
62,-3.0621466485602022,13.221583574269623,-11.477835769977336,6.117298148190523,BRCA
63,1.4282714066131779,7.59615069721308,6.093083099284089,-19.79274861966729,LUAD
64,28.366093626047903,-24.79122797206562,-6.190058438695421,1.0076491652411743,PRAD
65,10.822484964801601,12.200459337383638,31.96572462479313,14.59940479774864,COAD
66,-2.2074277691929667,12.615219674383907,-9.799494511760924,5.965005851435915,BRCA
67,29.87192076893509,-21.378320721961252,-5.163581825760712,1.839638756839706,PRAD
68,-33.718404283799146,-22.077963291907555,3.0972756512155364,2.612853452782614,KIRC
69,-1.6461047184150608,14.611557976737586,-10.904305269289416,4.713230239859039,BRCA
70,-30.280266633380155,-17.891759138275667,3.4097402680908337,2.696935001283935,KIRC
71,-1.6083213635220663,13.772465905070877,-9.010533875293467,4.051128862883433,BRCA
72,-1.6287742284073359,12.983482875672237,-9.53812345923678,4.9955389812066775,BRCA
73,2.0021523088408992,7.832976531866562,5.267729387930504,-21.134838859100974,LUAD
74,-1.562170830439795,12.262736249560097,-9.742226940790907,5.471286220452441,BRCA
75,1.7956190808832688,8.059433504743089,5.926641913798971,-18.995249310544803,LUAD
76,-1.914984412278454,13.764249392305468,-12.018449074350713,2.1913747790124694,BRCA
77,-31.597213935518255,-19.59667395570222,3.3265103197539987,2.7222757944947906,KIRC
78,27.093830242888494,-23.41434358354803,-3.7463498127322863,3.2140113357148343,PRAD
79,11.702731852410006,11.82452875315048,33.11432842477282,13.463176811203287,COAD
80,-0.8068276678142399,14.047903173646093,-9.48065408610705,6.134791271428861,BRCA
81,28.43521455759331,-25.507141730395336,-3.9212229981533864,4.742227590120454,PRAD
82,-1.5258190859641951,13.064967609162755,-10.050829969905752,5.129738697694939,BRCA
83,-2.0709789993401064,14.234107954673627,-10.42907089783837,5.663856151047522,BRCA
84,29.296042851285563,-24.388919818247764,-5.39231060296743,1.500047633999141,PRAD
85,29.984610154591838,-25.417990229769714,-5.400086405781265,1.4699827326525332,PRAD
86,-1.2809761511280693,14.08129989146205,-9.330328025530894,3.080434091328356,BRCA
87,-2.72371271797749,14.08301169005256,-11.605092041130222,4.559019031187116,BRCA
88,-29.859439270599715,-19.144233578939335,2.158490287178779,3.790256934777225,KIRC
89,-1.4950066162565787,12.473456902036581,-9.91479839880825,4.395452582431026,BRCA
90,31.406223809554973,-21.968802451655872,-5.9407377165645565,3.6143606067552088,PRAD
91,28.15017200691573,-24.410053753519104,-4.536744080780824,0.9830885109371066,PRAD
92,-2.907143600816948,14.655913685204675,-8.35838093085385,4.749425295970777,BRCA
93,-0.7001121053139392,12.454701094223488,-10.344604719021012,3.3199291242889597,BRCA
94,-1.0156831420439743,12.774155886857649,-9.406645910266967,4.944177711296899,BRCA
95,28.398462427729715,-24.215820928875814,-5.563022425838488,0.49635419430191186,PRAD
96,10.346149790552118,11.32039017504663,31.837028601111673,12.910998384159997,COAD
97,-2.0121973748498823,13.503323454512614,-11.250570002955193,5.782253256226955,BRCA
98,30.33677319262304,-24.894262168847977,-3.152274343741316,2.917655625552995,PRAD
99,-2.019479842077995,13.37272580082622,-11.09423152598637,5.913792322233352,BRCA
100,-0.7135054167468892,14.785427871651184,-9.422433272815876,5.902061372883048,BRCA
101,-30.172714988735926,-19.03632108812794,4.025152425201096,0.34914872829566823,KIRC
102,-1.2055555301616352,12.692902096471993,-10.477641794014398,6.335300722989163,BRCA
103,-33.106662861158824,-18.003488159288004,2.1097939616308263,0.8586266873006649,KIRC
104,0.061549325428957635,6.881639126356277,4.900374950584956,-20.463495969731667,LUAD
105,-31.8160334358022,-20.11417177404533,1.3382367187250541,2.320777327920605,KIRC
106,1.5019073117288977,6.4069343685613855,5.494647815158609,-18.963943019959533,LUAD
107,10.836078920425074,12.335413729024278,31.463460165070416,11.50779328229278,COAD
108,0.9648518415164311,8.75072141022859,4.662021136023912,-19.458999881541448,LUAD
109,0.9573457311931439,6.71256352484515,6.143144712448678,-20.318579767287442,LUAD
110,29.537101534579502,-22.873525349984504,-5.021004988161941,0.9612667394482455,PRAD
111,-1.0267759727614585,13.49539930099082,-11.408138271008465,3.9261542062495423,BRCA
112,0.4765701672011543,8.222077697568938,6.053403367335878,-18.38342211043285,LUAD
113,28.19685079402309,-23.333359221057908,-6.169504187640621,2.3018897229976907,PRAD
114,-2.040805518245206,12.498815523762273,-10.36172753881027,4.862444368992596,BRCA
115,-30.654979840127723,-18.67184833835994,4.125659318361644,1.6346351955536942,KIRC
116,-30.853475360671055,-19.137621476731752,2.7242814128324238,1.5436618637589423,KIRC
117,-31.880633384281687,-18.848769892721105,2.713299430352298,3.1116468711782033,KIRC
118,-0.9233020941096592,12.895028265595206,-8.287099478265372,6.002224718565268,BRCA
119,-0.658432665562003,13.501246511139678,-10.696284988799423,6.093515524539641,BRCA
120,0.45475612637236207,7.450948413390914,5.337690017306791,-20.06388477275724,LUAD
121,-31.412891150113953,-18.394305119582004,3.0822014365324653,1.4018986700447273,KIRC
122,2.3698357788431386,9.08327574453096,5.350387083287805,-21.781938980125943,LUAD
123,-0.9543960152736832,12.60488419626131,-9.465854278993513,3.7538136688684145,BRCA
124,28.68515901070522,-22.17300429695711,-3.4520647152677015,2.186171552979211,PRAD
125,30.61531867223109,-23.398909820351534,-2.8808305146853295,-0.5381853333598828,PRAD
126,27.559485690337297,-23.308322069293375,-3.4040843663963227,0.15357889288173698,PRAD
127,-2.7169596922294454,12.892028392551946,-9.562343192497003,5.10046562331385,BRCA
128,-30.039852213691347,-19.537409412326586,1.1263367805376774,2.6555358505626963,KIRC
129,1.5300429275140357,7.98062934793492,3.439592710982208,-18.271586455436356,LUAD
130,11.127006406215907,12.501530859726577,31.74273203140222,12.989858237627866,COAD
131,-1.706762290392585,12.874299474796059,-9.64201874236696,4.216954191950792,BRCA
132,10.306293632419269,11.392829537795723,31.797150290737,12.192734444740264,COAD
133,-1.3510000960003619,13.035783144638764,-10.756657548268345,4.8631321397793945,BRCA
134,-1.7426409076746787,13.081420823355131,-9.991789811682768,4.689869510903945,BRCA
135,-31.645087777941615,-19.97762546661506,4.375381722035308,2.0665744726520385,KIRC
136,-0.13013883523417202,6.742263139199277,7.525366041039804,-20.941600283519143,LUAD
137,-1.1111700610814506,13.33358518412646,-9.94429278018432,3.6570191332809374,BRCA
138,-30.75807660201139,-20.125681008994473,3.1201165342142647,1.9407158848186055,KIRC
139,10.680873713691343,12.690532445494672,33.613658613771634,12.220534587061593,COAD
140,-1.3364183156979688,13.194897094235213,-10.093191659337853,3.9504746168092417,BRCA
141,30.461775972741716,-22.423457153662763,-4.2514606864132185,1.131139816316971,PRAD
142,0.3393233428842539,11.921830938210864,-8.475615196896538,4.547311222145549,BRCA
143,-30.176103390432797,-18.07887538101558,2.094626976212141,0.9596798425121655,KIRC
144,3.884644929884523,5.296557431470282,5.752636519539619,-19.7381867606214,LUAD
145,9.899186099673447,12.446411547998068,32.1231174336581,14.059375786060635,COAD
146,26.926380244693565,-21.690900399057732,-5.827007182992684,1.4781280324118444,PRAD
147,-0.4873058097418461,13.468408109056863,-10.063072520781722,4.275395634988983,BRCA
148,1.0289633628747734,7.922689331845477,5.462159282795059,-19.660109542437585,LUAD
149,1.0038117292040523,7.943064546839336,5.340273210428923,-19.44344653748774,LUAD
150,0.5341186742779755,6.501440459063231,5.692348980444667,-21.079469076845513,LUAD
151,2.901813502099491,7.311561055396408,6.628861944415634,-19.402363763655337,LUAD
152,0.46945470969738423,13.368424310841652,-10.40252324325785,4.947027017927833,BRCA
153,-0.6131683413895558,13.962891434939934,-10.368025051458034,4.746130565658466,BRCA
154,0.5471300681399884,8.123040863585231,6.334132134691064,-18.35456007751383,LUAD
155,0.5199648965003347,13.561352250365251,-11.41749424112661,5.75260217538629,BRCA
156,-1.8183087965837041,13.287911708457404,-8.677166948162553,4.07695850898527,BRCA
157,28.890649776137103,-23.209202316082187,-3.5912320048573267,0.5286266189358326,PRAD
158,31.21851045197506,-21.76678627434712,-4.345441279220601,0.8652954754170291,PRAD
159,1.654206725919872,8.395423272224791,6.702580987621334,-18.96816948907497,LUAD
160,30.031704131448507,-23.676865803046397,-6.024474148649404,1.963582347472732,PRAD
161,2.831479019830621,7.893246628651595,7.482773338054714,-20.951719074787224,LUAD
162,-31.43806428293824,-19.765105837519865,3.1880366242109885,1.5150848649459294,KIRC
163,-2.3000879419085294,14.562812422731636,-11.439836790297333,5.654160556442197,BRCA
164,29.408422529126906,-23.382337965788448,-5.214197274558549,0.7997914049161361,PRAD
165,1.3010880263287095,9.109236475344165,3.9104877647252403,-23.023158885313638,LUAD
166,10.620830369939942,11.2408728465251,31.23865835353154,12.18687728615192,COAD
167,-30.4407505949304,-19.03300971344144,3.834470502972408,0.5993969645726076,KIRC
168,0.9620839315086094,7.895777960584215,6.236452990944131,-21.003940497454934,LUAD
169,-2.6112686627000725,13.218450400933252,-10.962955479253427,3.759651121325194,BRCA
170,-31.472699349799456,-19.45600947276183,3.934035997573816,2.290692016579116,KIRC
171,1.1110664249942834,7.157797074085884,5.793974439823583,-18.80685705145718,LUAD
172,-0.9795731450928697,12.102008606122137,-9.56089135832328,5.860081389142046,BRCA
173,1.2958993666036729,6.710411055596108,6.467291424590395,-19.56463207834973,LUAD
174,-2.1626549063258187,11.383018674375304,-10.782739094164011,7.8445596004599825,BRCA
175,0.34942989018211656,11.491914860843108,-10.61048469799827,5.181775354737908,BRCA
176,-1.6843507076576532,12.916668770561403,-11.206192934766808,5.262227851025091,BRCA
177,28.41816466767781,-22.79045257043084,-5.132115750200839,2.943653962918488,PRAD
178,-1.3407787210813202,11.1172095599486,-11.506849954361162,5.071667156639816,BRCA
179,-31.384901788356725,-18.12945824512832,4.140835969649684,2.9180945130612694,KIRC
180,12.751170816855067,13.352470955290002,31.723726133926192,11.3490975427102,COAD
181,-28.189044345701678,-16.401701972895488,1.8966156418031237,3.4548614829332207,KIRC
182,-0.9369142330743231,14.473320594041658,-9.209138362427925,4.515148918505331,BRCA
183,29.036494490021777,-22.817134732451084,-6.753873843267429,1.5949263647968581,PRAD
184,28.27660484993379,-23.38919699309722,-3.972241289156723,0.24646540831533592,PRAD
185,28.412349262643385,-20.919453769544273,-2.3680712248192943,1.5684651488751244,PRAD
186,1.3563718090654922,9.05056061760192,5.235753589993873,-19.91945903079393,LUAD
187,0.8514448099448337,6.279878422639405,6.334266039180932,-22.751608751506467,LUAD
188,-1.2539844985641149,13.705672350879857,-9.368762262520418,5.63139847854281,BRCA
189,1.5005247881179664,7.7250706591054294,7.741820135386724,-19.348754713279348,LUAD
190,-0.3147297021689526,7.334864197293145,6.568449140202597,-19.951814797542333,LUAD
191,-30.732192224622334,-18.65644037014584,2.275800400445707,2.2509657806324608,KIRC
192,2.623125581296083,9.1728811567769,5.27317894033051,-20.903604018875534,LUAD
193,29.9538618638837,-23.69903549895134,-2.930366809405757,0.8516867555445413,PRAD
194,2.0638757640016014,5.900732693114459,4.7608631822075385,-21.101384167828908,LUAD
195,-1.3161449116954955,13.284015297047624,-10.59865641791328,6.662508473988057,BRCA
196,-1.0030381078151414,10.624511400095027,-9.29517802394549,4.612516071164768,BRCA
197,-1.9865517165408486,12.781863147779806,-11.269683709808948,4.857953211258615,BRCA
198,1.5158869433479472,8.642671940705318,5.6421697012238115,-20.619607723524414,LUAD
199,0.3517404827578279,7.075640243114996,4.823719688344748,-18.961276576874255,LUAD
200,-3.680285782249274,10.326998800820999,-7.277977904630871,1.8984497463982364,BRCA
201,-31.066958357217437,-20.51145036179197,3.108503206190516,2.8847295076614916,KIRC
202,-30.807211575286267,-20.01689982232634,4.016418062700618,1.7049707091162605,KIRC
203,-29.20164949146223,-18.16767265483354,3.2379873352422557,0.7089250100309377,KIRC
204,-30.063978231688886,-18.22503472924777,4.3078000085660095,2.889878912959292,KIRC
205,31.4276770610152,-25.683259657175466,-6.075787698617224,-0.09498635962240543,PRAD
206,-1.5908213960830555,12.904400438120343,-10.595323275939853,5.30741152696789,BRCA
207,30.787573128613626,-23.836399406762684,-5.070729758716205,0.6100632940489841,PRAD
208,-1.043300999101395,13.260996274467495,-8.858059718039263,4.137465789492537,BRCA
209,0.824460392705678,6.974551022083043,7.856342492652077,-21.521373463131532,LUAD
210,1.9681606589195169,6.899168867490067,4.137387927759785,-18.263581567839474,LUAD
211,-1.7388600454119243,14.15412051383402,-9.892383464345622,3.817150534291676,BRCA
212,27.983673584440382,-25.41898883219405,-4.648634529021351,1.8556978769234818,PRAD
213,-2.7447299899015865,13.567039403135935,-9.935781855697833,6.192934188774792,BRCA
214,29.342416959700003,-22.289601693819755,-4.4804015899239085,-0.877549128293948,PRAD
215,-3.1604647234791554,14.506384217000566,-10.781515509972722,6.96446749915364,BRCA
216,-2.917149326290233,13.321054773738306,-10.08204560915673,5.112591849080164,BRCA
217,-3.267379453446352,13.937832633401996,-10.76500438158617,5.871354215502077,BRCA
218,1.6195835493317956,4.955044206946764,6.45680509759104,-20.495814933516762,LUAD
219,-2.98035617499921,11.264881055922485,-10.735901056741845,4.9199891428810245,BRCA
220,-31.30276570355785,-19.496374165892806,3.1891167876673494,1.5391207981466786,KIRC
221,0.6236432052759591,7.985086333052369,4.603138900787224,-19.961842568282645,LUAD
222,-31.703113804907748,-20.67771263854043,3.008335531107818,2.1667040055501263,KIRC
223,-31.79500872664544,-20.00684269231609,3.3338261061169763,0.9748728926297117,KIRC
224,-0.3508823854263567,8.456593372836597,7.267973281993278,-19.35622940597455,LUAD
225,-2.3141450179975624,10.993138824514382,-11.384374447740766,6.037907705638254,BRCA
226,-30.167444891662914,-19.036135918468776,4.020491855824765,-0.0012601236636857749,KIRC
227,31.468525450384494,-26.246841000032866,-5.338642075908038,-0.8897316403484381,PRAD
228,-1.4313688854139184,14.98114783797557,-10.054349445271312,2.0138832398876345,BRCA
229,0.6875130475223533,8.648206659109603,4.357309256991914,-19.805031877578724,LUAD
230,0.6391137263490113,7.649844608848064,6.055036740140911,-19.378708792537953,LUAD
231,28.799336427424162,-20.988259834803195,-6.148932392702004,1.4108793802451325,PRAD
232,11.449012681114231,11.35484362638672,31.73159158375872,12.298373811693804,COAD
233,-2.5611176486814577,13.855974542058439,-11.278669315840016,5.529527357565239,BRCA
234,-29.795580628530534,-19.601250849619046,0.8916470196089593,1.4059258130616383,KIRC
235,28.53898409572043,-25.104853688752804,-4.804182569237399,1.7038298665265168,PRAD
236,-32.849062440380436,-19.631482813301567,2.0395121781803978,2.2474250715567177,KIRC
237,10.408670148012225,12.061811383529614,32.160255769963705,12.764107156178488,COAD
238,0.07850707979501204,13.063740249450717,-10.098880448433674,5.122262123525902,BRCA
239,-32.280461604109455,-20.760759227068775,5.496780207488286,1.9014605107266744,KIRC
240,-33.06042456016851,-20.040613561414368,2.694860564840657,2.626152569092386,KIRC
241,2.2325367252268764,9.208988766909938,5.2456677579641475,-21.446905081451604,LUAD
242,28.230638721760965,-22.35881863781599,-5.888848473453091,-1.1361361290051994,PRAD
243,25.704538392787914,-19.899331668159014,-4.749863462080888,0.19348661879041074,PRAD
244,2.9163888113469443,7.33857378881928,4.43998374086533,-21.54518005760778,LUAD
245,1.7445672833358765,7.8275566664119065,5.736180318245986,-21.821272027248135,LUAD
246,-33.852036535196994,-20.54078674179451,6.5130213640362165,0.7187946095861037,KIRC
247,-0.009667752086303327,13.028660632014915,-8.315532394055278,3.373640899472454,BRCA
248,-1.079562043996713,14.262756340513791,-9.604349039596618,6.937741230509332,BRCA
249,10.478026006901045,12.021071431173091,31.67613409624109,10.717502689037726,COAD
250,-1.877660848871507,13.225945676689468,-10.148907448260916,4.712035279396195,BRCA
251,29.5068635781063,-23.33828923766221,-6.0572377700797215,-0.34057182271199915,PRAD
252,11.656902194694682,10.93073414339167,29.35567730584678,11.978325604729992,COAD
253,-0.12764043423284283,12.27295009139055,-11.310749334990275,4.139646948221874,BRCA
254,31.871084747069144,-23.45533533656451,-5.379604515790163,3.3236084827214234,PRAD
255,-33.237351277512396,-19.76946643440498,2.7743851300810727,1.8493887629171049,KIRC
256,28.66004448398499,-22.005719462366702,-4.449751084578291,0.7814471187454324,PRAD
257,28.624494855961213,-22.912780439268467,-4.59972587552185,-0.16597001069566497,PRAD
258,30.42517574174131,-20.3272652422254,-3.694217985525597,1.2856224964027232,PRAD
259,-1.0803963824943053,12.828309184400007,-10.719863320391703,4.890444459071818,BRCA
260,10.92046476755238,10.302404658579967,31.48992043568655,12.995852980733433,COAD
261,11.973183494839823,12.117694262683184,32.33306752260414,12.374417513388176,COAD
262,1.9373708174461772,5.501511811694296,6.237297171538523,-20.62539806436732,LUAD
263,10.07569250156994,12.078146811294673,30.348931019002524,13.182680923147334,COAD
264,9.642944062394553,12.054248759017812,32.09961855658463,12.137435676386591,COAD
265,30.75657251098653,-23.18892513848411,-3.714977677658732,2.3289013819209057,PRAD
266,2.8928914521622686,8.359755214187519,5.279007872210257,-20.516601096356577,LUAD
267,-1.8709131925189015,12.958990018124707,-10.699633520715615,3.5259707867678842,BRCA
268,-0.6923199603043222,13.59656665419959,-9.064791309685866,2.5743413459478983,BRCA
269,-31.646746114581415,-20.236922844932366,2.7977686777635666,1.2801742198229944,KIRC
270,-32.627773511618734,-18.181550983353993,3.520438129259907,1.049068952367286,KIRC
271,-1.3956179687051802,15.943991892969091,-10.118820558067648,5.3161582729239285,BRCA
272,9.164009813729823,11.881249928380239,32.26106456066012,12.224206316520544,COAD
273,29.042334733620756,-23.885864118023857,-5.140687962507672,2.314884066706981,PRAD
274,-32.64426794532871,-20.33123913765805,2.8947646196176837,1.553088970316227,KIRC
275,29.82295019430884,-21.626087503303655,-3.245167700588455,1.447073540099375,PRAD
276,-1.5067549207179884,12.219605330927985,-9.373488096535786,4.49981302513808,BRCA
277,-1.1990610367753198,11.901151878210865,-11.409859758833232,4.412887315568696,BRCA
278,-30.075385474916846,-19.095357371504313,2.7274330514179383,2.8428753535414297,KIRC
279,-1.418163904688572,13.113511042804609,-9.840180111412323,4.178905583619762,BRCA
280,-1.302044512117753,12.578330050880641,-10.903230138943172,4.445541334781755,BRCA
281,-1.981872580098429,13.07768145099054,-11.254404969173711,5.913699808123317,BRCA
282,-1.1023510361091637,12.454639497753291,-9.716933135808643,5.065894121149056,BRCA
283,1.6681961642553196,8.174300700792664,4.468932219725023,-21.45712141796772,LUAD
284,1.6435534353921861,7.812574990997748,5.308448768644506,-20.646733012410824,LUAD
285,-2.53849020768079,13.497264087493376,-8.757735694995992,3.9458102005366014,BRCA
286,-1.6786761609055336,13.597488455507314,-11.006150685691306,2.6566271658201766,BRCA
287,-0.7710975048840212,13.278162199160924,-11.223724220060284,4.220240024292189,BRCA
288,-31.094751133262672,-19.313222308305644,3.0646604198592664,1.5003887542710144,KIRC
289,-30.342348670555456,-19.0691039018488,2.3486440491882936,1.4749344399211424,KIRC
290,-31.084637727175558,-19.399671034099807,3.8145954668751374,0.8370052415692588,KIRC
291,-31.79171766450938,-19.74540893017253,2.5994625628695784,2.4051150234578977,KIRC
292,0.28213230259022937,13.264946627221446,-10.041423403910324,4.962440164254853,BRCA
293,-2.7479366544409687,12.511513212935569,-9.366431252671283,5.813007491135342,BRCA
294,-1.9048896629732142,13.521889819316193,-8.745127300709262,4.734297059910861,BRCA
295,-32.40462457679217,-20.885762292983596,3.482415853441029,2.9712850403447746,KIRC
296,-2.657575827609647,14.30866762774668,-11.788417296744857,6.348588385897265,BRCA
297,-1.6284017173754886,11.97801053221413,-10.346186348270445,6.300066393368362,BRCA
298,2.836535290891945,7.96670463051562,6.771972380619944,-20.35071873287165,LUAD
299,32.26398635223751,-22.71591054868403,-2.6583438384860862,-0.5441481472725691,PRAD
300,-1.9736134630486648,12.019707886884255,-9.711701815288773,4.54728175471973,BRCA
301,-1.6453359025552132,14.443908732026495,-11.873964485309326,3.944894515938062,BRCA
302,10.100658393680135,11.67307788302478,31.228992226755334,10.787869013334419,COAD
303,1.3888555663246287,8.32932799380713,5.100603329220803,-20.422354617625157,LUAD
304,30.03170095007572,-21.839675296891564,-3.7038861294064502,1.9021234301237393,PRAD
305,-3.076850467280927,12.975764636917805,-8.860053467593975,6.421152923825022,BRCA
306,-0.7504624807292559,13.31186109939496,-11.149543137693048,4.923301318933921,BRCA
307,-1.2287137056853212,13.336749228284686,-11.071550264064856,5.948312324826048,BRCA
308,10.37309397302015,12.119412485372214,31.40945811370678,12.481082208251353,COAD
309,-2.569709732337636,12.506888320905103,-8.9794260413068,5.473384789119708,BRCA
310,31.719296406584732,-24.72708641338918,-5.292975404200888,0.2855276841289781,PRAD
311,-1.973257519406031,13.071217383933938,-10.530534811450682,5.508276440074412,BRCA
312,10.196062376349266,10.484051330990791,33.34019051810995,14.11620747090017,COAD
313,1.6606561752221116,7.877563482315324,5.537093867349112,-20.214024699541095,LUAD
314,1.8684674375210735,6.882660548067427,3.641624393401954,-19.16255395526985,LUAD
315,28.35893487692082,-22.843845547558576,-3.5293614531505804,-0.15931807217092153,PRAD
316,-32.59090224590767,-21.03356057333626,3.228672419235499,2.146676271321528,KIRC
317,-1.843135806001819,12.1003291119499,-11.257105771345259,4.9521596971879625,BRCA
318,-31.74834899100943,-19.12260620750379,2.113493211042701,0.3424047699276014,KIRC
319,-30.985093025778454,-19.927558670223604,3.5938480228526988,1.632515302158088,KIRC
320,2.2364287197521566,7.528571629153092,3.8899191904270642,-19.05419913238988,LUAD
321,10.806047851817704,12.95376419324683,31.75483346763815,11.972690610736722,COAD
322,-31.19006773842453,-18.88632174036706,2.6045723518488644,1.4672181755571738,KIRC
323,-1.286647066199208,12.853569628673029,-9.800181065712149,5.457875450706983,BRCA
324,-1.1940123095798434,13.047573138756288,-10.643166420415625,5.252508345587073,BRCA
325,-2.36924128326738,13.687422654085891,-9.996717428156805,5.1081554592706,BRCA
326,-2.405627547893483,9.595928662062821,-8.2528486393417,2.678908372496035,BRCA
327,-31.427703775687068,-19.81286410435251,0.25287437258297096,1.8519880333406042,KIRC
328,-2.5158037967206233,12.288631334477225,-10.13701979894365,4.352845732605824,BRCA
329,-0.5763327640850158,14.08514345881116,-11.649201964929478,5.240531516821129,BRCA
330,29.814635644118496,-23.328427205813142,-6.502853152726115,-0.06413194205586281,PRAD
331,-3.1808352030554286,13.142522726686808,-11.224490544286933,4.444709164239637,BRCA
332,-32.09382008804569,-18.204352691940244,2.83527029850756,1.8792227811465856,KIRC
333,-1.7091887490803281,14.054647571499572,-10.257688919825245,4.959978114696917,BRCA
334,2.8722725872395602,7.071624581279515,5.674951260840001,-16.650529155159354,LUAD
335,29.51706627449281,-22.816202791820526,-4.49161959386578,1.2772494127471583,PRAD
336,-31.86270519487926,-19.761216636388546,2.6173981296934894,1.987142557994487,KIRC
337,-1.9421545885295313,13.945857390518158,-9.338617838690332,5.700374392039607,BRCA
338,29.851755745030793,-22.083798733732777,-3.944456663763537,0.9084971478731969,PRAD
339,10.977721869696905,11.216915676627359,31.832335106088728,11.741993356593985,COAD
340,-1.0014634005503549,11.78801629260744,-9.861870889825266,5.992116726665647,BRCA
341,-1.0739944795485483,11.640846634582719,-10.308542678402658,4.262982780914016,BRCA
342,-2.466329346830862,13.031575900794204,-10.076913832333597,6.5195830631054825,BRCA
343,1.9222498283763791,7.860235971117496,4.78916352398826,-20.118966318404933,LUAD
344,1.6716435374382534,8.32918572983854,6.286614876224947,-19.917606788466394,LUAD
345,0.48892522069406374,7.438510378812095,5.108472232263784,-20.812498543315773,LUAD
346,-1.182682343673935,13.578079993145309,-10.228194902101173,3.2880677804627996,BRCA
347,-1.2516050378518988,11.754083137472614,-11.614386653219514,5.92019858151029,BRCA
348,30.208911904662425,-23.066814525619435,-7.0635809987160005,2.501100265690707,PRAD
349,0.7067175037510717,8.218175218780503,6.486959224380611,-19.66718305044882,LUAD
350,-1.6615338352383344,13.02935749313007,-9.473468159275301,5.808058990664022,BRCA
351,-31.076364822801075,-19.94357471319177,2.536375355768555,2.7634573457174065,KIRC
352,-1.6147709392679812,13.52699750421496,-10.30687913913084,5.752716361199889,BRCA
353,11.358571580396237,11.071784678220183,32.618909301703695,12.20328687671288,COAD
354,10.528932747177333,9.866862496454738,29.416002901804237,12.381235513613374,COAD
355,1.5903296126402244,7.488650740388881,5.357852849248238,-20.072531265767868,LUAD
356,-0.6178850583346764,11.784181651575452,-8.708803280623346,4.77180467454339,BRCA
357,-31.03338090692534,-20.886581880864046,2.001534251666836,2.9619740248089186,KIRC
358,-2.6944996746073286,13.060036060238291,-10.197876787362274,6.301434985478491,BRCA
359,-2.2509127541969,13.258356495972919,-9.889448025377702,5.343449434293371,BRCA
360,-1.7280495337340138,14.137919481932984,-9.919242235932021,3.686174689499621,BRCA
361,10.62731833641018,11.057457978854348,31.916893382711255,12.707433809895821,COAD
362,1.7323373252194147,7.700647867522648,8.352110974322335,-21.302520824190314,LUAD
363,10.659033886500277,10.430556983094851,31.546619720405417,13.28526686957737,COAD
364,-31.088188455081934,-18.08210669923268,4.298923394126805,-0.2191420569966267,KIRC
365,29.712031006305153,-22.48075085972679,-4.444218682891864,0.5550912305889708,PRAD
366,-30.090389529800536,-20.25784115428778,3.665376825395631,1.9538146880840461,KIRC
367,-2.6958693582058117,13.538647265094422,-10.968783034700442,6.2840264163512565,BRCA
368,-2.1493595706457422,13.267637244012445,-9.734423279096072,5.430652858878258,BRCA
369,-30.634594596539984,-19.399114766910138,4.68251799354194,0.4779248409504415,KIRC
370,-1.3150861934829599,12.787960853258081,-9.735167579711746,6.722694229129036,BRCA
371,10.895805755297658,12.646236474497455,33.297054854645886,13.638549893511193,COAD
372,30.72769956966681,-22.163595619865525,-3.0089405672004848,0.2689290013522412,PRAD
373,0.7886221970989841,8.050780945971558,6.5631591215232925,-19.214595931445245,LUAD
374,28.938014507647733,-23.54587965262072,-3.9023041478704252,3.1611664772343158,PRAD
375,-1.8873519312291738,14.43698645934028,-10.679121229004599,4.174289630823816,BRCA
376,-32.06126724034778,-18.671309608693626,2.0697887305621814,3.4802823395905094,KIRC
377,29.75180172559958,-23.436352575092158,-3.829537659551601,1.279480574027239,PRAD
378,-1.2330301216702084,13.685832226599098,-11.275342428025846,4.8785911577692955,BRCA
379,9.683394935512537,11.165380715913795,32.69557900700115,12.664482174709688,COAD
380,-29.86398010540435,-19.519037046832054,3.6101308672422805,3.195317302605757,KIRC
381,-32.69464269502007,-20.197614173941595,2.957262142624498,2.849260446968218,KIRC
382,11.685405138354286,11.61368328550485,33.88031948331777,11.39041921206823,COAD
383,10.915501904923564,11.320450427111364,32.682732079694055,13.604677786175746,COAD
384,28.72290051574568,-23.213650149267398,-5.725835506848454,0.35466668605857876,PRAD
385,-1.4939348001732875,13.50880731948555,-10.55318029199706,3.798715083641028,BRCA
386,-1.8617805005045418,14.03352007918604,-9.466041948811544,4.885346842986305,BRCA
387,12.303347261953766,11.202028870727158,34.122390924300724,13.394109932955786,COAD
388,-31.848076424060523,-19.07407189301083,2.8002218447516336,2.114348740185571,KIRC
389,-0.8714753821275891,12.16847741599934,-8.985370629138536,4.080561175510078,BRCA
390,32.33202807105951,-24.602262459078975,-3.979057524055129,1.9393160186332021,PRAD
391,-2.485820466148639,12.510013694702863,-10.37904542324526,3.4551761082283363,BRCA
392,-1.2884220876356194,12.45012785592694,-8.678049379230538,5.723282909356403,BRCA
393,-2.174800504357693,13.139642849266894,-9.95255580998901,5.408244093513016,BRCA
394,2.206553414958515,9.16705925907325,5.368238206517076,-21.70068523976605,LUAD
395,1.6182092823213479,8.442797890848713,5.249838338534494,-20.464609483322665,LUAD
396,-28.268204106921335,-18.37041365472556,2.770094247163611,1.347975990090652,KIRC
397,1.6975673256876544,8.625938475177964,5.610214297126466,-21.41342789475012,LUAD
398,-1.596843503206757,12.786877677528395,-10.10750138292113,3.750770917777806,BRCA
399,-31.524496921424127,-19.059443369371532,2.953856079629958,2.8189189473266847,KIRC
400,10.684277843103581,12.30330041410782,30.52975761806919,12.566410400999928,COAD
401,27.884494297622762,-22.154070752293,-5.568500983806601,0.10156293033313002,PRAD
402,-2.1108878028094913,13.214245050524116,-9.576740886978367,4.656386319216841,BRCA
403,2.2681073578597983,8.339017345196803,6.693321383959998,-20.878344817597622,LUAD
404,30.01658851020979,-22.784403798933436,-4.751979360592757,1.3650443138415171,PRAD
405,-2.8083192823550047,13.4075109055638,-10.376665282574503,4.953529309463324,BRCA
406,-1.8372479869523501,13.063732902267029,-9.473086730365125,5.666500813198761,BRCA
407,-2.376227733273495,13.060150288150753,-9.735575183162116,4.862198165177299,BRCA
408,2.269679462189503,7.748227679293627,6.0777104187113,-21.82903622542486,LUAD
409,-2.224122571439701,11.818882063578428,-11.38038431204188,4.007425456782283,BRCA
410,-2.15899881128805,13.292541280619593,-10.569297222755651,5.007341666253461,BRCA
411,29.784281902020773,-23.775640062201852,-3.9061026591389805,1.2454974298981267,PRAD
412,-0.8818748545557958,12.47907922331395,-11.008759839458273,4.896745135076597,BRCA
413,31.21196143975244,-25.825436352446925,-5.021869547542333,1.3477578444181573,PRAD
414,9.357045458576515,12.256896679316093,31.888640645423216,12.643210102348,COAD
415,-0.3657729978030324,12.406620880614227,-10.24428949299537,4.587278806517518,BRCA
416,2.689962520960652,7.598729775489826,5.9363269462584025,-19.733906687694613,LUAD
417,-2.4162015634030327,13.049205288048041,-10.047681059569074,5.318004188510235,BRCA
418,-1.2432158435453473,13.555963690073146,-10.530971859583127,6.09803218298482,BRCA
419,-0.08618435079808134,6.310607093629551,4.865976957747516,-18.666852701732967,LUAD
420,-1.396298792334676,14.594307353240575,-10.241976830403962,5.009175497106416,BRCA
421,-2.61191919443694,12.669894707095093,-10.498567256875349,4.7757701222979305,BRCA
422,-3.386162252440605,14.565683910178205,-10.553915484763147,5.507581393165479,BRCA
423,-29.34594903244408,-17.78041280865337,2.6164381328761244,1.180456139227282,KIRC
424,2.163300183283884,6.8777418537616,5.358980264004158,-20.34974048304448,LUAD
425,28.598062017543963,-22.744669502133533,-6.438626583295431,-0.5678526727201553,PRAD
426,-1.9267807394995453,13.577076540269529,-10.286882700144414,3.4514606069824323,BRCA
427,28.512597664250613,-22.200119354907883,-6.811480231703853,2.4898656609898984,PRAD
428,-33.10625871605879,-20.932833220055496,2.5282974045505386,1.8118762901185497,KIRC
429,-2.9166156643879013,12.413561706049194,-11.87272487762325,6.298858691546752,BRCA
430,-32.4560612601034,-19.06399840640379,3.5078718744987447,0.8727815023562986,KIRC
431,10.348945232107766,13.142292749977969,31.541939688999793,11.035669034409302,COAD
432,-1.0651878955518659,12.126306894762106,-10.35128979954721,5.380147906440532,BRCA
433,30.991900899113396,-23.826261809142103,-6.999432432311749,-0.016147540577188924,PRAD
434,0.9881381242386239,8.384466164006172,6.360626725134706,-19.774570017322397,LUAD
435,-31.766265782498294,-18.686045073641182,3.529138073131869,0.9581802257191634,KIRC
436,-1.762967026142117,13.947086713088378,-10.608335187609708,5.249868936996393,BRCA
437,-1.824429856825128,12.010208434526131,-11.502004512568611,4.463838311513573,BRCA
438,-32.71435787914071,-19.97842011202484,4.792479560317557,2.3823805574661474,KIRC
439,-2.5114259102244807,12.658703452813304,-9.661257090539518,3.9061424208258586,BRCA
440,2.8310148342457873,8.920034758206679,6.0596169767261,-20.317291869141968,LUAD
441,-1.2178504185951313,14.2301412545161,-9.36363117194761,5.252772654521921,BRCA
442,-1.9544728518466,13.297525102772305,-10.967045097513465,5.303526199096616,BRCA
443,30.703035215294452,-23.25025736459523,-5.266489065757936,0.17325811054725415,PRAD
444,11.25335697972042,11.30686732248573,29.764605460293772,12.199858844129206,COAD
445,-2.322343046214589,13.283201753127436,-9.709430325292113,5.262617404350898,BRCA
446,-30.538171462022145,-18.545537072215247,2.5293829780765194,2.532681534436579,KIRC
447,1.4915675013292704,7.689216135026964,4.782625450758329,-20.711026130340485,LUAD
448,29.63404622327872,-23.554823750333785,-5.160217738236877,1.7834094263773892,PRAD
449,-1.3919344870214896,13.715807870136288,-9.518941246990426,5.817948766299288,BRCA
450,28.754327352758636,-23.083425441174615,-3.831728835992587,0.16658607692422844,PRAD
451,-2.2917599827765622,12.955947136167213,-10.40216062920818,4.33075742266687,BRCA
452,0.4782016222919776,14.795137863166978,-11.18489913874692,4.315547505582825,BRCA
453,-1.0818729012722863,12.696859127532168,-10.074862346396824,3.5780342627945645,BRCA
454,-1.2461945969122818,13.296978322623588,-10.351220228447348,5.666639750168478,BRCA
455,-33.19704685718432,-20.39457491490927,3.2269538481351745,2.0113235379099224,KIRC
456,0.6943717677587418,7.6455252987783755,5.415566185776407,-19.256335631856178,LUAD
457,-0.7328382677711585,13.140251658280656,-9.842207877973406,6.8813683636117675,BRCA
458,-33.06038684367698,-17.872911800083273,3.1906776915385726,1.7942863115019414,KIRC
459,-2.8994366413570134,12.514098292032951,-10.625975562882825,3.988724903568446,BRCA
460,-1.5267112111245238,12.178094711292545,-11.170927205536593,5.134129304798101,BRCA
461,1.0720390736746126,7.4544809394181515,5.413170082325816,-20.173281052295547,LUAD
462,2.8335512682848987,7.005919046445994,3.931302398697835,-20.120545977925055,LUAD
463,-32.06033735383139,-18.347580974058634,2.3718657431899612,2.8741307685558035,KIRC
464,10.990601126809201,11.901445674306647,32.64564345436817,13.467588367464673,COAD
465,32.40610469094785,-25.08867338252488,-5.129577869919135,1.1382655245535211,PRAD
466,10.651055284064453,9.520209834171528,30.951006048782787,12.768677514830527,COAD
467,0.89553091759162,12.68891285386394,-10.576948801298968,4.575347134939454,BRCA
468,-32.08607249053766,-19.27237019639145,2.5487911912748022,1.1307679772601564,KIRC
469,-29.413803580570686,-21.531476245032124,1.6168209421447837,1.0783079096464725,KIRC
470,-2.308685291459368,12.686835816559215,-10.159613873384558,5.105265825382593,BRCA
471,27.05174373380451,-25.13058701110022,-5.973273220734389,-1.305503118332042,PRAD
472,-30.97474424897195,-18.499061310227713,1.3182948875290437,2.133606434867477,KIRC
473,9.971365877529085,11.077425340697047,33.7134312821722,15.60296061589711,COAD
474,1.6517375476670062,8.421870571852041,6.779693827143857,-19.57303751811431,LUAD
475,0.3395457194197292,7.9726890586963215,6.061839103196216,-19.95842127581475,LUAD
476,-2.6871480817475693,13.668724498529713,-11.128059112102417,4.028907626588541,BRCA
477,28.43275666225169,-24.913433528337254,-4.234940340193424,1.8260685091669555,PRAD
478,27.25311054427378,-23.157163838094448,-3.6341953735147166,1.143542891212561,PRAD
479,-0.579542847691768,14.43954744940619,-9.013004214799643,5.526195430199173,BRCA
480,29.312828991213635,-22.16919299645206,-4.572077185524968,-0.23542085355359865,PRAD
481,2.259441121638054,6.666260740209756,4.099688513415187,-20.345236641108176,LUAD
482,-32.06485476388751,-21.218920178881437,1.39443823538349,1.006379809715297,KIRC
483,28.77393295133359,-25.666152919272673,-4.535218268591789,1.9973273038673485,PRAD
484,-1.4487129824360063,14.624481167818505,-11.30892765048743,4.295720665308138,BRCA
485,1.383298515309977,6.984684631087333,4.343507128831393,-19.634227282856866,LUAD
486,32.00503352214231,-23.41687428398891,-3.439662582220849,2.4426198085615964,PRAD
487,1.0953830111789327,8.284777302487269,4.786161269662406,-21.121353049318873,LUAD
488,-1.6297881449256364,14.158822889767817,-11.238342249061056,5.116368105044281,BRCA
489,-0.6799358600574154,13.686882125571856,-9.860478652940433,3.868348994348817,BRCA
490,10.63772364038037,11.569172812324707,32.6974778910865,12.889440103250635,COAD
491,2.521079018421842,8.71095801842214,5.34713834020197,-20.53001207937373,LUAD
492,-30.739675269047133,-18.14203722671457,4.283675697885476,1.4159685121309908,KIRC
493,9.806243541702768,11.286462361811338,28.770993894937003,12.433871480693293,COAD
494,1.008903198521317,7.203775722290795,5.735286266427263,-20.65888536208518,LUAD
495,-1.9376764611525927,14.160116661746347,-9.575493972143454,6.810993105181563,BRCA
496,30.444515232384127,-23.019765183525763,-7.623215405236365,1.6549131908236494,PRAD
497,-2.2386031854083432,11.592725208600715,-8.796358707544147,4.324648730659193,BRCA
498,-2.1240658937795156,13.647723887215422,-9.14968582328144,5.504811147522847,BRCA
499,30.53419223610886,-23.322096323807493,-5.8886900800860005,-1.0975998945120118,PRAD
500,-1.7681283353368535,13.178123793020882,-10.885502019645251,6.144164774318753,BRCA
501,11.581938968259951,11.14543507391246,32.700734911051136,13.546438672869929,COAD
502,-1.183414558585984,13.552657723468776,-10.314596189783794,6.202168733272127,BRCA
503,10.53747924893816,11.910064504617836,31.70397945186412,11.853305538542152,COAD
504,-31.61957737022958,-18.079989807018414,3.4022780219560986,2.576401677416682,KIRC
505,-1.2788686097377764,12.501208794931438,-9.271846206826234,3.521390959968733,BRCA
506,-2.5175496005523477,12.31120894289246,-9.409552463915315,3.530752345591896,BRCA
507,1.540076904740309,8.084352603922158,4.778383939293709,-18.75287254852193,LUAD
508,1.738499116356733,6.973874176530537,5.3628183775621725,-21.00506877373922,LUAD
509,2.6806523484872766,8.601802803511312,3.8459878543232415,-21.21333295522457,LUAD
510,11.043637801732709,10.716643139363875,28.140442635625124,9.373251228560271,COAD
511,-31.877077574756374,-17.980084665729386,3.0979901308449698,2.7535099241274277,KIRC
512,1.9103871906696623,8.207524833992336,6.142781072728093,-19.44338291599146,LUAD
513,2.0887302240596526,7.566824114387918,6.151510334655517,-19.019436518598514,LUAD
514,-2.707723858867851,14.154807914428755,-10.076645401958631,5.5255642898299016,BRCA
515,0.7973095621065587,13.532564109377974,-11.10427474677397,5.111973836571491,BRCA
516,-31.99265937163521,-19.55512600154855,2.855821653025459,1.8030436586627887,KIRC
517,28.77929509909177,-22.73168576727565,-3.9226223337276345,0.7423367951590016,PRAD
518,0.6685221168196456,8.172022238147981,3.84454636873758,-19.34540289246764,LUAD
519,27.128613528729446,-22.49196211737033,-3.7717740322133375,1.2528421007895758,PRAD
520,-1.8551921175407635,13.87730512998054,-9.956732840053403,4.156392838300436,BRCA
521,-32.41106702946401,-19.209290978563306,3.8581287889212437,1.9974210605872798,KIRC
522,-1.3660212433777912,13.139167377968757,-9.559748969231556,5.319680152425962,BRCA
523,-30.300693050973962,-16.273651405074713,3.5375964553811716,2.397784417150372,KIRC
524,-30.827935054221225,-17.85424374028542,3.3520472179043614,1.1593846444091613,KIRC
525,28.609978393400436,-22.267224651761673,-4.737174004607245,1.5544798964653146,PRAD
526,31.44551495800404,-23.882920501257217,-3.647170926927982,0.8807406996091978,PRAD
527,3.4144862780880008,7.8773335105737825,4.870460945312786,-19.219739609774408,LUAD
528,-2.0421064584185245,13.680431548029699,-9.399949836304796,4.60669553619848,BRCA
529,-31.521177597911883,-19.23383213065642,3.0174742067767606,1.7916547816945,KIRC
530,9.843258830122618,11.177794684560244,32.636885328657556,13.204990654356338,COAD
531,11.448665740031494,11.094097557193301,32.59330346354155,11.97777588316029,COAD
532,-1.0105816145894868,13.085583870425488,-10.624426900007736,3.83355716256035,BRCA
533,-31.658991411769478,-19.550921297312406,2.9823502074574835,1.912069141629627,KIRC
534,-29.755275178721934,-18.528263193481642,1.3680825207127034,3.0144579405348964,KIRC
535,-2.362694472474722,12.980249373612299,-10.316778409234184,3.340831791394007,BRCA
536,-1.105492208437825,12.954031862534269,-9.726861650245516,4.7882651204976625,BRCA
537,28.301774287086968,-20.994607422989063,-4.384637937040846,0.07527687504330305,PRAD
538,-32.729905765719984,-20.01564287817614,4.128746780925474,1.9984179845936927,KIRC
539,10.700273642465504,11.207111725180537,31.08011098745091,12.044490810483875,COAD
540,-4.1008528450006025,12.94251412002522,-9.4612285347285,3.328891362675084,BRCA
541,-2.774317435723598,13.7539697317841,-9.279943173018893,4.366134236596044,BRCA
542,10.776202673498158,11.228739555826204,33.26977904719359,11.962474128601801,COAD
543,0.5197870930296922,6.467013014794678,5.769295461852286,-21.016183038900675,LUAD
544,-1.8182792093335651,15.02104274221804,-9.293428545547172,5.694821179441175,BRCA
545,-0.19668407393158804,11.135969925834193,-10.46462659080852,4.940266591394748,BRCA
546,-2.176503321629394,14.403235889074503,-10.406240434449595,5.390124503096524,BRCA
547,-32.306778836071494,-18.501870630585724,2.3616626642896725,0.06140492148807564,KIRC
548,27.699915205426397,-23.20993134924475,-5.6523571006268565,0.20958188547853873,PRAD
549,1.2998956033276907,7.385917304071324,5.462540114979455,-19.73437985290184,LUAD
550,1.0663828624899572,9.346124829044758,4.872003569497948,-20.481888167765785,LUAD
551,-1.8425077202120423,13.456646538852628,-10.41081639322228,4.060865473232283,BRCA
552,-32.68626930297834,-18.075335734861504,1.1951632744834484,1.7678583828359835,KIRC
553,9.436924935567824,11.478806249834143,32.680920788247896,12.161193841700356,COAD
554,-31.577521903302113,-20.081150532330252,4.710404016476943,-0.5542106760368979,KIRC
555,-31.487077248131072,-20.37020516061347,3.420332650195652,1.5131655958910906,KIRC
556,-0.6663228245983257,12.227996753167243,-11.858444942054373,5.318886589617952,BRCA
557,27.385147219418446,-22.608461351980402,-5.939534830252737,-0.3306436991910064,PRAD
558,1.936483134514642,8.043156603867573,6.368386636251913,-19.844661212889562,LUAD
559,-31.70301961014176,-20.905089482005387,2.9030749919816206,3.281166668081773,KIRC
560,-1.9573478340205068,13.128590651241836,-10.364377846532363,4.877561344878708,BRCA
561,9.995049522213204,11.33063390729535,31.49209334339952,14.00795242187844,COAD
562,1.5826741535940176,7.374503054117573,5.276343432518033,-21.36483626094746,LUAD
563,1.3337318127390088,7.499966486550921,4.8959977767168965,-20.885598057173294,LUAD
564,1.8660895936073016,6.517705860096213,5.361981414907687,-19.570715922933207,LUAD
565,30.597883751686087,-24.098970527330405,-4.025192672976885,3.577731791445437,PRAD
566,2.6722517436220175,7.834571651609903,7.035078700383936,-20.78178234548836,LUAD
567,-30.978728885043576,-18.73841884135737,3.704657388447641,-0.033254878927299725,KIRC
568,-2.242735825194983,13.135368898537642,-10.440060549917515,4.2425761244358355,BRCA
569,-2.182227146180834,12.921522028753404,-9.831485800121184,5.128769476344993,BRCA
570,10.354768722756855,11.612444980083094,33.63661007895801,12.64065986472884,COAD
571,28.81082554446501,-22.84430881357483,-5.262592133704218,2.615650914396447,PRAD
572,-1.127152014212776,12.670717833329656,-9.258358105875608,4.219982489413985,BRCA
573,-2.5119802739121315,12.402854678938159,-9.82278836198539,1.942801134162894,BRCA
574,-1.4335438922540564,13.933259415910173,-10.123261330122526,4.850581217435089,BRCA
575,-30.88601755940803,-21.56076114649229,3.7753193043178954,2.2793099356120496,KIRC
576,3.3356732142222745,8.035758410847569,3.571551409593601,-22.281509866169344,LUAD
577,1.318860989815325,7.422726783589567,4.76933890513855,-20.747542207942725,LUAD
578,-1.5504864892549532,12.271635401426819,-9.954222677848172,4.744105121463942,BRCA
579,31.312212444367955,-21.99932460389168,-3.562460555176863,1.9802217994711038,PRAD
580,2.4829871975459445,7.886918490813945,6.687366699862807,-21.041323480597633,LUAD
581,0.5697667684749289,8.636404018022745,3.784269050394126,-20.04472980417793,LUAD
582,-1.3160237700113675,13.508133209553694,-10.261393019256312,4.5807408883205785,BRCA
583,-30.120307729559553,-19.21865653133392,2.885599929410665,0.7381502139231193,KIRC
584,29.27255045611915,-22.205947444019856,-4.937196493628319,3.2047428305517127,PRAD
585,11.176979217122376,11.623516764225663,32.497977690369034,12.627268256091448,COAD
586,0.35421651882802707,7.464848512788444,5.674090077697009,-19.68487991418803,LUAD
587,29.00440414195572,-21.847017715428464,-3.226373426410389,2.8844309815241838,PRAD
588,11.659152753799862,12.802745059175507,33.111807367274494,12.385963992345342,COAD
589,1.6770735519389626,6.757198093073134,3.578274447274138,-19.521836162240483,LUAD
590,10.944595597196681,11.461964218421159,32.38388010613771,13.2798637027403,COAD
591,-33.04693223542838,-20.277800420399064,2.602394252496803,2.1754146283668514,KIRC
592,-30.507851106591175,-19.320308252947946,3.5006467585048924,1.556132294855924,KIRC
593,-1.4953366296331294,13.019770425662983,-9.323240454555455,3.60663308650395,BRCA
594,-0.797420359867809,12.944139077709439,-11.976326720478047,6.124092991821093,BRCA
595,-31.044917001364418,-19.96006865093359,4.697010760408473,1.428515823851006,KIRC
596,-30.458973958062064,-20.698326062224485,2.6071886599388034,1.110009005837143,KIRC
597,10.773743008651017,11.398698781670397,31.650724133600466,11.332446495243936,COAD
598,0.2833710773460232,12.510685424197536,-9.959698788905168,5.421432422853851,BRCA
599,0.4717670127812963,7.043626447598494,5.89936911393773,-19.299298048226255,LUAD
600,28.82695648029799,-22.81420275950308,-3.5227089087348515,0.8250704228124226,PRAD
601,28.364911109802083,-22.75216638927928,-3.9868098714149687,0.6286229978006963,PRAD
602,-29.757929160449603,-17.521135170200715,3.2215565231597627,-0.22128841015599288,KIRC
603,-1.1479890676072837,13.098803421909409,-10.246284404097393,3.95020354298028,BRCA
604,1.5686644870288815,7.082205258954348,4.421923563899655,-21.272923952863216,LUAD
605,-2.37976417872152,13.357669814153398,-11.360532649645375,4.767338163790541,BRCA
606,-1.7241669451148949,12.028055199847692,-9.579810552934486,4.578572176656699,BRCA
607,10.799064020554223,9.760817470435274,31.898276476171084,10.505119094734797,COAD
608,-1.8682896013046328,12.517382530633268,-8.74242997432798,4.314981771675389,BRCA
609,29.229863612891442,-24.618593388735615,-3.245204923518802,0.3024678824914502,PRAD
610,31.53076850306342,-21.30197196470454,-6.552104665299162,1.1699387040506868,PRAD
611,-1.741067385532529,13.394686818222233,-9.404381104408097,5.125478514444618,BRCA
612,-1.8446796309986646,15.734127755217374,-10.692208075510862,6.432710942755405,BRCA
613,9.479023226223399,11.66551576708369,31.574471837932226,12.65777044559469,COAD
614,-1.7504473218751768,13.106842114307824,-10.198695718260723,5.019314772814837,BRCA
615,-31.15471655784194,-19.6504248383813,4.398580527679168,0.21781179375564785,KIRC
616,-1.8622590043330678,13.014609167991376,-10.695984131571807,4.428030781291232,BRCA
617,-1.7713038964307581,14.51540267899459,-7.856256180327951,4.100194653773065,BRCA
618,9.810320922984303,10.625400913225116,31.69317929626176,10.863786633061814,COAD
619,-0.807713044528612,13.76681879405592,-10.198768494799817,5.602158906887733,BRCA
620,27.70176623935899,-21.166147888772716,-5.681245157825387,0.21127947388283425,PRAD
621,-1.4737745038036723,12.388782397070123,-10.68940674345587,4.2120852289443445,BRCA
622,-0.8574958284574457,13.997060986479479,-10.494396019261858,3.4385135815956787,BRCA
623,-30.879587393835408,-18.802543802193167,2.360156436706012,1.3393222006056602,KIRC
624,29.36245722560624,-23.83504976330169,-4.949628741787154,0.7844664128260177,PRAD
625,1.590089190709304,7.531164657745611,6.25860332066242,-20.39144015068201,LUAD
626,-1.0332973863262365,13.203823364345306,-9.620790971582116,6.529927115062617,BRCA
627,-1.8254237881276212,14.029241629546586,-9.973401904124042,5.344727681021688,BRCA
628,-30.787216323600752,-20.32183138103456,2.1161101980703143,2.8608822858470226,KIRC
629,-1.2369801561018372,15.495076198358197,-10.931715319151186,5.456506791611527,BRCA
630,0.1489662279201916,14.450793708987423,-9.94513810886065,5.6073283340971765,BRCA
631,-1.9766530249587926,12.709967351766906,-9.597896448880668,4.13377824594831,BRCA
632,-1.7664717090217823,12.993040919084045,-10.410949332559756,5.6318024778578994,BRCA
633,-1.3433828293737777,13.691219605184703,-9.364205882705066,4.491287484818983,BRCA
634,11.210042917556168,12.137633850050968,33.7721822150156,10.842727287853556,COAD
635,0.8121083473695327,8.498957622355979,6.591572088018067,-20.010793258093482,LUAD
636,1.7813554165308672,6.462565467341577,6.367869064056208,-21.191375792134057,LUAD
637,-1.4027371190250861,13.627842782090035,-9.98963538030354,5.265363884432643,BRCA
638,-0.7967280076307801,12.721969685139356,-12.632025399848171,4.674543265346218,BRCA
639,-0.9490164443692195,13.430451633905015,-11.005537666316531,5.536702952545909,BRCA
640,31.19691946140089,-23.409588673441995,-2.9995766487131545,0.29895791422620255,PRAD
641,-2.0075143060725598,13.258671527607188,-9.983743145317035,3.9866345479544165,BRCA
642,-0.5974391301601045,13.372941276857475,-9.592909169070738,3.2269803166184663,BRCA
643,-31.123898747716847,-19.866996114239058,3.7415062405649975,1.7240899486832648,KIRC
644,2.9432636338987304,6.7617031012271225,5.860578773539917,-20.018273521613985,LUAD
645,1.8918623476344627,6.711314959354329,6.498254007181782,-21.250392378148735,LUAD
646,-30.411642219939438,-17.479730191861965,2.562140323439104,0.9590369210484735,KIRC
647,-31.50651081445486,-20.54549299359823,3.1691988767391854,2.274681460856161,KIRC
648,0.9454715123823434,8.906048999243605,5.481020789618341,-19.08163915489956,LUAD
649,-30.59358493773457,-19.232955505888526,3.6221983183086315,1.3420073848721845,KIRC
650,11.578719918102102,11.795532700003886,32.83389911766414,12.823911945244125,COAD
651,-1.36425373369371,12.978969052250628,-9.699971386183751,4.076333563344371,BRCA
652,9.925676219335479,10.713376062513271,32.23284117562035,11.45180781923603,COAD
653,-31.14706126954337,-17.97373197833535,2.0458449657240854,1.6184013157781414,KIRC
654,-1.6211351210215457,14.574767736972126,-10.85946003488992,6.077435231436341,BRCA
655,-2.6596283377775736,13.391277959963928,-10.70907602215816,4.514657984927769,BRCA
656,27.823973057039037,-24.140396778159964,-5.573548292123304,0.30240983571462493,PRAD
657,29.9597451916282,-21.785915081792673,-5.087540556825192,2.5104169868988238,PRAD
658,28.1125025529486,-22.4572063020159,-6.278909231534035,3.1267727174632323,PRAD
659,0.8534939173119521,8.460748340736576,5.55975937856978,-20.164212807132863,LUAD
660,30.066287402733437,-22.667464273916597,-5.137924318724206,1.9111468770811046,PRAD
661,30.065006175816062,-22.11365523494486,-5.143391084567769,2.2788626165193824,PRAD
662,10.39246204872559,11.263491246021161,32.22339447660157,12.700483258531474,COAD
663,-1.7002895926353887,12.727568839962974,-10.269615705980936,4.405850818977026,BRCA
664,-0.8400174274862263,15.092983962840666,-10.047665311627107,5.009302317369841,BRCA
665,11.470609536727373,11.49196736768818,33.60188833096548,15.045476672555806,COAD
666,2.2149908321086187,7.1124801953202175,5.7961812329055675,-18.558967829658915,LUAD
667,-30.000270231768262,-20.86539437562376,2.960031516650352,1.5587587995839052,KIRC
668,-0.7811862294695895,12.12476609699284,-10.907113141597733,4.831810712518072,BRCA
669,-31.748564609269135,-18.760198167884536,3.69623132510396,2.122005519120574,KIRC
670,12.146767120333232,10.10814864192167,32.070217102886716,13.041074028310799,COAD
671,-1.6498118757344757,13.900135056002275,-9.087802428449175,6.416632941543017,BRCA
672,-2.3667912066304186,12.556934456362784,-11.446122582430196,4.029410328843982,BRCA
673,-3.006595592494722,14.091910223937145,-11.506896925361499,4.881658875410758,BRCA
674,29.057732965140683,-24.702115452737686,-5.023516576093945,-0.022857104984115084,PRAD
675,2.4896638227516688,8.101471461300587,6.322864555149566,-20.01559538490227,LUAD
676,-30.094772609079286,-18.570296144233733,1.5102074182187326,1.314922223720554,KIRC
677,-2.9174660576056457,13.838481889445868,-9.796663603587456,5.229548825079684,BRCA
678,27.149792016320475,-21.164569294782783,-5.3363894894669235,0.8297233609037084,PRAD
679,-31.05224643097362,-19.15965649973671,3.277803725472288,1.5347886973945764,KIRC
680,31.044859629773924,-21.62584818583334,-4.128071298621295,2.019262522744825,PRAD
681,-0.6272182688723521,15.254745393500635,-12.448958557315358,5.530527594912112,BRCA
682,1.0261218924851474,8.190406926290361,5.245955533675406,-22.56665154143377,LUAD
683,-30.455143100468835,-20.010984008389915,2.693598222694672,1.4175572278059132,KIRC
684,30.59280781545868,-22.700722176847563,-5.752939255192725,0.3990772122393341,PRAD
685,0.8784809729300121,7.170897827370729,5.446715103633573,-20.02726253299869,LUAD
686,29.78362903661484,-23.45183978968173,-2.2453558296385445,1.0189085878612028,PRAD
687,30.632690349189602,-25.44122452628189,-4.056308539616947,1.3610844893673495,PRAD
688,-1.4128014532170912,13.019343143352865,-11.574056978412262,4.962956511620643,BRCA
689,-30.635045859744427,-22.0101272640349,3.465313979253995,1.6996861539703363,KIRC
690,28.590634229249183,-23.058766079295015,-5.540173516435726,-0.7786866062893526,PRAD
691,0.8234048804499827,6.75093509947095,6.000366199753861,-22.04209620614572,LUAD
692,10.214971028667719,11.172981232955388,30.332673901447656,11.604759487268414,COAD
693,12.006178981979284,11.96650198125106,31.976385098753987,12.562062147258063,COAD
694,-1.2245958046044074,13.809304338463537,-12.076086299415831,5.519750757350672,BRCA
695,-1.6498037493193154,14.658678175223825,-10.231973866667191,5.470545320481015,BRCA
696,-1.916623733713634,12.862122685901717,-8.797827067867887,3.739730648670512,BRCA
697,1.2472334620104222,7.767475324322646,5.397169293943689,-22.23246466007057,LUAD
698,-30.435000237743733,-17.744062060762726,2.360517229196157,0.5774736246311905,KIRC
699,-30.14305472088957,-18.81293260402397,3.400751936502083,2.298121215804578,KIRC
700,-31.608741568753533,-19.33058434558721,3.3848381289023797,1.638614350575974,KIRC
701,-2.0520501377364657,14.23108284527599,-11.336351090411293,4.196609869499976,BRCA
702,1.5134296551138802,8.613352842122575,3.199724038961569,-19.038743115143635,LUAD
703,-30.5266420510364,-17.835951264778146,2.998479007168118,3.5793772001557165,KIRC
704,30.728999419561262,-24.101362565270946,-3.899412805066842,1.9411958535640423,PRAD
705,-1.8275756754927097,10.705650194794211,-11.798588632765215,6.83282703923327,BRCA
706,-0.08544051510498374,6.968795246039541,4.16964998348025,-18.868010403906844,LUAD
707,29.408388159433105,-24.2040266821947,-4.730689278383494,0.4973513720498519,PRAD
708,-1.0486732463551576,14.942790298819578,-9.909699172979872,5.717452009274729,BRCA
709,29.94228045807714,-22.111904931604883,-4.357674693050336,0.269510995480426,PRAD
710,-2.1783588074327738,12.84386648574074,-9.707335327102534,5.494119639209772,BRCA
711,-32.88074739733465,-18.85450603123811,2.506572928580722,1.812511923010443,KIRC
712,-2.7576048225414884,13.561446277951504,-11.373292013000214,6.189769637065306,BRCA
713,8.728956831228864,11.727669058168305,29.778570852814056,11.586139825486116,COAD
714,31.253014769336854,-25.4625837465966,-4.931323186727043,-0.8566152868735963,PRAD
715,27.32829033712217,-20.722660896627488,-3.0669024677779513,0.24320201518238546,PRAD
716,-31.743111239940294,-18.194936568362948,3.1463253742487973,2.4239132086314674,KIRC
717,30.012929344701995,-22.36982911041887,-4.3927074758168985,1.6268591706473843,PRAD
718,-30.07279714797111,-18.49539595819865,2.176791777474574,1.4814172546626103,KIRC
719,-2.8618158449843536,12.859218704416927,-11.804770024702613,4.4581814163601825,BRCA
720,1.5239291367270988,8.252517242547585,5.521821568587749,-20.945037886059215,LUAD
721,1.5651329302643502,8.90530773354409,3.203733419608436,-21.59915671288099,LUAD
722,-2.90486065531447,12.321165843935116,-10.719805481029322,4.149866315072816,BRCA
723,-1.1908440683334267,13.536205194060624,-9.805998081904217,4.903810417246414,BRCA
724,-30.98646010023572,-19.1122821016032,3.8446640712642273,2.3236020144409464,KIRC
725,-2.2073591208871557,12.700871061921665,-9.526515501843623,4.12311554144639,BRCA
726,-3.0680733612567104,14.266907280958675,-9.702255502271088,5.666851308534195,BRCA
727,-0.4444494749666674,12.447841516187,-9.567202845853883,4.392848288169418,BRCA
728,-1.9804835118537283,14.686359428934841,-9.440224039326923,4.519638214859608,BRCA
729,-30.581092697021532,-19.68722026414715,5.212719682969591,2.6124151117143892,KIRC
730,-32.078880875513974,-19.659643840627574,2.859950891813412,1.8633843454421326,KIRC
731,30.489412195642313,-24.560501902415066,-4.0971221301885725,3.0153221520132503,PRAD
732,10.009510776016393,10.454185810559045,32.132621564519994,12.69452128076427,COAD
733,-31.123062687475237,-19.73485411150071,3.4740750314468896,3.788869057760685,KIRC
734,-1.1632409165609638,13.936714652453693,-10.108008196054294,5.083995309190216,BRCA
735,-2.7623057624996816,14.036357254468388,-9.485523744180114,5.170751378298856,BRCA
736,-30.541341147758104,-19.36287964412244,3.770484689051484,0.3457064263253562,KIRC
737,-3.3483589025167966,12.500885909350453,-10.727790352969855,5.168518614915627,BRCA
738,1.2800765638963367,5.396044035822715,6.1942821332446165,-19.205584706106105,LUAD
739,-1.0021989617062583,11.650061902246605,-9.901683260051392,4.912721612814737,BRCA
740,-1.018373765815189,14.298899787625036,-10.987937555412685,5.979386235148489,BRCA
741,25.0730032115161,-22.119097450712253,-1.9776010121005063,1.587541428081765,PRAD
742,0.6288429006497056,13.258968177498005,-9.561880488660469,4.730906539142779,BRCA
743,30.761134925003056,-21.41793235554358,-4.080440659977464,1.7886332631857682,PRAD
744,-0.2911489123842046,14.254362323658018,-12.17625771320253,3.884427754300847,BRCA
745,10.676701106525865,10.729819996887187,33.00386035540553,13.872749556341352,COAD
746,-1.8187041832974917,13.613048983824775,-8.948441256494855,4.034510018291188,BRCA
747,-1.710362707062484,13.554219138993073,-11.484674430552099,4.471662696063196,BRCA
748,-30.469542258501527,-19.582002466188204,2.398756749315145,2.092620574162932,KIRC
749,1.3461626070328632,8.102046116681395,5.952442699091895,-19.828586115828276,LUAD
750,-0.8828567123556725,13.692121794081162,-9.722821476590793,6.0904751059691105,BRCA
751,-2.1996964722842334,13.631251139657438,-10.622743879816552,4.041164113611976,BRCA
752,30.95531992600735,-24.86958055679652,-5.097945862765561,2.2916208864238468,PRAD
753,-2.5808326465399762,12.983951373831381,-10.812393527729375,4.959799513344963,BRCA
754,30.157151508259346,-23.431740247147406,-6.068598594831009,1.1939238854357652,PRAD
755,8.19699452279583,13.510090406321625,29.070022578978946,12.015438038888654,COAD
756,-0.6848174774365113,13.976306060984891,-9.631085265879165,5.860217334062687,BRCA
757,-2.2090023673406995,13.650641856430195,-11.198659562530576,5.085626968145228,BRCA
758,-1.5483277859076967,13.831739303590519,-10.203477979979606,4.740279182781255,BRCA
759,0.6780179698994305,7.6303837430944546,5.380437013632045,-19.092168350369477,LUAD
760,-1.5644291808776,13.346610900270843,-9.61865245657341,4.102377394562532,BRCA
761,2.2401497847528655,8.042966361112594,4.6205872641192025,-19.694721783727303,LUAD
762,-0.892994173310572,13.329038101328099,-8.788807194498473,4.806579667010347,BRCA
763,1.6964737523781188,8.244346155085069,6.3372181051668655,-20.329850451236705,LUAD
764,-30.550165537221442,-19.905457512243853,3.657880580151826,2.531715483675713,KIRC
765,-28.91173687682798,-17.883088586314862,1.8542860749655485,3.8584507295550017,KIRC
766,12.885561562976145,12.362695003630137,31.321303323440137,11.229130571338654,COAD
767,10.964846933470426,10.580736310463394,30.07637012853476,11.145345669038656,COAD
768,-0.8974359662300869,15.578546538420667,-8.368432676618557,6.7566100319299025,BRCA
769,-0.9396728574482365,13.446669563826017,-11.733981102780575,6.417648821471342,BRCA
770,-0.6882260895463717,11.234694854830556,-10.950054460649229,5.26311631163723,BRCA
771,1.6106180053907542,8.101102592708019,5.019669729359654,-20.478944591550913,LUAD
772,0.6200962154615367,12.62699668214277,-9.74198417133719,4.442422869291971,BRCA
773,0.6250225677013052,7.968468057559634,6.988618399526725,-20.88869653780416,LUAD
774,-30.422704793771732,-18.721060297905208,3.340874317245301,2.0967749051102946,KIRC
775,-1.3317479887209347,14.74685507786748,-9.89170908834544,4.810587598634214,BRCA
776,2.0044529240493185,8.061858483141194,6.359715546376409,-21.735303516574085,LUAD
777,-30.767896371161225,-18.711299740665126,2.5728945289866827,0.28129218226851926,KIRC
778,1.569091618969505,7.411868099911683,6.126516296942237,-19.82980089516296,LUAD
779,1.7585118150986823,8.010216644652228,6.438468106540423,-21.315253179654526,LUAD
780,1.626087760764074,7.263101302551574,6.178807537761206,-21.020418607161385,LUAD
781,-33.041183379713814,-19.561435651527965,2.3541945032733462,1.1027201280833512,KIRC
782,-2.182473050562159,13.951264150968504,-10.105966896491024,5.169341738565473,BRCA
783,29.724880612178556,-21.80399093715096,-3.4397491518286833,1.2470166796479072,PRAD
784,-1.6127462186804054,12.366480971525037,-10.769370071950934,4.5056569373749955,BRCA
785,-2.2345190811178557,13.848915753171548,-10.420514468395126,5.112829715207199,BRCA
786,-31.9565763491607,-18.689361760776162,3.232722939514866,3.3816853878356588,KIRC
787,-2.481981912988205,13.471732994340657,-10.235191181634319,5.715790981985199,BRCA
788,28.79523797673001,-22.077395413271205,-4.792736424873487,1.7833391634754343,PRAD
789,-30.381152820282868,-19.29257460401469,3.879920571386535,1.8998969557523364,KIRC
790,-0.8604847189045562,13.883920091964503,-12.497649135237836,6.125347920061807,BRCA
791,-3.083244169172061,12.191152491927264,-12.041500710406444,5.232020486184424,BRCA
792,-2.19047660967192,13.684106662915173,-10.766901243998108,3.8725574194043424,BRCA
793,-0.7202522138923383,11.259585045085743,-10.239789851312535,5.640548117277005,BRCA
794,28.37883658898761,-22.868458795116027,-4.444063750521718,0.41497582950129575,PRAD
795,-0.5519897511221609,8.653170512831581,4.6552698049623835,-21.88974055712757,LUAD
796,-2.5456177176781907,13.366748577278212,-12.510541655539082,4.221491938326116,BRCA
797,1.3526561140710396,7.76761535670761,5.685697373591921,-20.822135651823565,LUAD
798,9.788057760046769,8.876488830870388,27.414331034892243,10.960808072368563,COAD
799,31.02060352338893,-24.941461672717764,-4.284692267346162,2.226310052915093,PRAD
800,28.080130524976763,-20.564711095349857,-4.987187925518294,0.09762065190038616,PRAD
